{
    "__comment": "Model generated using MrCrayfish's Model Creator (http://mrcrayfish.com/modelcreator/)",
    "textures": {
        "0": "servermod:items/astrohammer",
        "1": "servermod:items/astrohammer"
    },
    "elements": [
        {
            "name": "Handle",
            "from": [7, 3, 9],
            "to": [9.000000010430814, 17, 11.000000010430814],
            "faces": {
                "north": {"uv": [0, 0, 5, 16], "texture": "#0"},
                "east": {"uv": [5, 0, 10, 16], "texture": "#1"},
                "south": {"uv": [0, 0, 5, 16], "texture": "#1"},
                "west": {"uv": [5, 0, 10, 16], "texture": "#1"},
                "up": {"uv": [7, 12, 9, 14], "texture": "#1"},
                "down": {"uv": [7, 12, 9, 14], "texture": "#1"}
            },
            "type": "cube"
        },
        {
            "name": "Hammer Top",
            "from": [
                7.099999986588955,
                16.99999998509884,
                9.10000001937151
            ],
            "to": [
                8.899999976158142,
                18.799999997019768,
                10.900000020861626
            ],
            "faces": {
                "north": {"uv": [11, 12, 15, 16], "texture": "#0"},
                "east": {"uv": [10, 0, 16, 6], "texture": "#0"},
                "south": {"uv": [11, 12, 15, 16], "texture": "#0"},
                "west": {"uv": [10, 0, 16, 6], "texture": "#0"},
                "up": {"uv": [11, 4, 15, 6], "texture": "#0"},
                "down": {"uv": [11, 12, 15, 16], "texture": "#0"}
            },
            "type": "cube"
        },
        {
            "name": "HammerBit",
            "from": [
                7.300000002980232,
                17.19999995827675,
                7.899999986588956
            ],
            "to": [
                8.700000001490116,
                18.599999949336052,
                9.099999949336052
            ],
            "faces": {
                "north": {"uv": [12, 4, 13.9, 6], "texture": "#0"},
                "east": {"uv": [12, 4, 13.9, 6], "texture": "#0"},
                "south": {"uv": [12, 4, 13.9, 6], "texture": "#0"},
                "west": {"uv": [12, 4, 13.9, 6], "texture": "#0"},
                "up": {"uv": [12, 4, 13.9, 6], "texture": "#0"},
                "down": {"uv": [12, 4, 13.9, 6], "texture": "#0"}
            },
            "type": "cube"
        },
        {
            "name": "HammerHead",
            "from": [
                6.499999977648258,
                16.399999991059303,
                3.4999999359250076
            ],
            "to": [9.5, 19.400000020861626, 7.899999976158143],
            "faces": {
                "north": {"uv": [11, 1, 15, 5], "texture": "#0"},
                "east": {
                    "uv": [10, 6, 16, 10],
                    "texture": "#0",
                    "rotation": 180
                },
                "south": {"uv": [11, 1, 15, 5], "texture": "#0"},
                "west": {"uv": [10, 6, 16, 10], "texture": "#0"},
                "up": {"uv": [11, 10, 15, 16], "texture": "#0"},
                "down": {
                    "uv": [11, 10, 15, 16],
                    "texture": "#0",
                    "rotation": 180
                }
            },
            "rotation": {
                "origin": [8, 8, 8],
                "axis": "y",
                "angle": 0
            },
            "type": "cube"
        },
        {
            "name": "HammerCurve1",
            "from": [
                6.499999977648258,
                17.100000001490116,
                5.499999950826169
            ],
            "to": [9.5, 18.965000001490115, 10.499999955296516],
            "faces": {
                "north": {"uv": [15, 6, 16, 10], "texture": "#1"},
                "east": {"uv": [11, 12, 15, 16], "texture": "#1"},
                "south": {"uv": [15, 6, 16, 10], "texture": "#0"},
                "west": {"uv": [11, 12, 15, 16], "texture": "#1"},
                "up": {"uv": [12, 6, 15, 10], "texture": "#1"},
                "down": {"uv": [10, 0, 12, 6], "texture": "#0"}
            },
            "rotation": {
                "origin": [8, 5.499999962747097, 8.300000004470348],
                "axis": "x",
                "angle": 22.5
            },
            "type": "cube"
        },
        {
            "name": "HammerCurve4",
            "from": [
                6.499999977648258,
                11.427438693451629,
                17.33090447326267
            ],
            "to": [
                9.499999970197678,
                11.927438693451629,
                19.98090446283186
            ],
            "faces": {
                "north": {"uv": [15, 6, 16, 10], "texture": "#0"},
                "east": {"uv": [11, 12, 15, 16], "texture": "#1"},
                "south": {"uv": [15, 6, 16, 10], "texture": "#0"},
                "west": {"uv": [11, 12, 15, 16], "texture": "#1"},
                "up": {"uv": [12, 6, 15, 10], "texture": "#1"},
                "down": {"uv": [10, 0, 12, 6], "texture": "#1"}
            },
            "rotation": {
                "origin": [
                    7.999999973922968,
                    13.20243869345163,
                    19.33086576938023
                ],
                "axis": "x",
                "angle": 45
            },
            "type": "cube"
        },
        {
            "name": "HammerCurve3",
            "from": [
                6.499999977648258,
                11.64117433808727,
                17.913494759070765
            ],
            "to": [
                9.499999970197678,
                13.39117432765646,
                19.063494759070764
            ],
            "faces": {
                "north": {
                    "uv": [10, 0, 12, 6],
                    "texture": "#1",
                    "rotation": 180
                },
                "east": {
                    "uv": [11, 12, 15, 16],
                    "texture": "#1",
                    "rotation": 270
                },
                "south": {"uv": [12, 6, 15, 10], "texture": "#1"},
                "west": {
                    "uv": [11, 12, 15, 16],
                    "texture": "#1",
                    "rotation": 90
                },
                "up": {
                    "uv": [15, 6, 16, 10],
                    "texture": "#0",
                    "rotation": 180
                },
                "down": {"uv": [15, 6, 16, 10], "texture": "#0"}
            },
            "rotation": {
                "origin": [
                    7.999999973922968,
                    13.166174332871865,
                    18.263494759070763
                ],
                "axis": "x",
                "angle": -22.5
            },
            "type": "cube"
        },
        {
            "name": "HammerCurve2",
            "from": [
                6.499999977648258,
                16.799999997019768,
                4.799999940395356
            ],
            "to": [
                9.499999970197678,
                18.639999997019768,
                9.699999929964543
            ],
            "faces": {
                "north": {"uv": [15, 6, 16, 10], "texture": "#0"},
                "east": {"uv": [11, 12, 15, 16], "texture": "#1"},
                "south": {"uv": [15, 6, 16, 10], "texture": "#0"},
                "west": {"uv": [11, 12, 15, 16], "texture": "#1"},
                "up": {"uv": [12, 6, 15, 10], "texture": "#1"},
                "down": {"uv": [10, 0, 12, 6], "texture": "#1"}
            },
            "rotation": {
                "origin": [8, 4.999999955296516, 8.300000004470348],
                "axis": "x",
                "angle": 45
            },
            "type": "cube"
        },
        {
            "name": "HeadPoint1",
            "from": [6.5, 16.4, 2.5],
            "to": [7.5, 17.4, 3.5],
            "faces": {
                "north": {
                    "uv": [12, 12, 14, 16],
                    "texture": "#0",
                    "rotation": 90
                },
                "east": {"uv": [12, 12, 14, 16], "texture": "#0"},
                "south": {"uv": [12, 12, 14, 16], "texture": "#0"},
                "west": {"uv": [12, 12, 14, 16], "texture": "#0"},
                "up": {"uv": [12, 12, 14, 16], "texture": "#0"},
                "down": {"uv": [12, 12, 14, 16], "texture": "#0"}
            },
            "rotation": {
                "origin": [8, 8, 8],
                "axis": "y",
                "angle": 0
            },
            "type": "cube"
        },
        {
            "name": "HeadPoint2",
            "from": [6.5, 18.4, 2.5],
            "to": [7.5, 19.4, 3.5],
            "faces": {
                "north": {"uv": [12, 12, 14, 16], "texture": "#0"},
                "east": {"uv": [12, 12, 14, 16], "texture": "#0"},
                "south": {"uv": [12, 12, 14, 16], "texture": "#0"},
                "west": {"uv": [12, 12, 14, 16], "texture": "#0"},
                "up": {"uv": [12, 12, 14, 16], "texture": "#0"},
                "down": {"uv": [12, 12, 14, 16], "texture": "#0"}
            },
            "rotation": {
                "origin": [8, 8, 8],
                "axis": "y",
                "angle": 0
            },
            "type": "cube"
        },
        {
            "name": "HeadPoint3",
            "from": [8.5, 16.4, 2.5],
            "to": [9.5, 17.4, 3.5],
            "faces": {
                "north": {
                    "uv": [12, 12, 14, 16],
                    "texture": "#0",
                    "rotation": 180
                },
                "east": {"uv": [12, 12, 14, 16], "texture": "#0"},
                "south": {"uv": [12, 12, 14, 16], "texture": "#0"},
                "west": {"uv": [12, 12, 14, 16], "texture": "#0"},
                "up": {"uv": [12, 12, 14, 16], "texture": "#0"},
                "down": {"uv": [12, 12, 14, 16], "texture": "#0"}
            },
            "rotation": {
                "origin": [8, 8, 8],
                "axis": "y",
                "angle": 0
            },
            "type": "cube"
        },
        {
            "name": "HeadPoint4",
            "from": [8.5, 18.4, 2.5],
            "to": [9.5, 19.4, 3.5],
            "faces": {
                "north": {
                    "uv": [12, 12, 14, 16],
                    "texture": "#0",
                    "rotation": 270
                },
                "east": {"uv": [12, 12, 14, 16], "texture": "#0"},
                "south": {"uv": [12, 12, 14, 16], "texture": "#0"},
                "west": {"uv": [12, 12, 14, 16], "texture": "#0"},
                "up": {"uv": [12, 12, 14, 16], "texture": "#0"},
                "down": {"uv": [12, 12, 14, 16], "texture": "#0"}
            },
            "rotation": {
                "origin": [8, 8, 8],
                "axis": "y",
                "angle": 0
            },
            "type": "cube"
        }
    ],
    "display": {
        "gui": {
            "translation": [-4.5, -2.5, 0.5],
            "rotation": [92, 45, -91],
            "scale": [0.9, 0.925, 0.925]
        },
        "head": {
            "rotation": [-180, 14, 120],
            "translation": [9.7391, 9.7391, 0.6956],
            "scale": [2, 2, 2]
        },
        "fixed": {
            "translation": [4, -1.5, -1.4],
            "rotation": [90, -45, 90],
            "scale": [0.95, 0.95, 0.95]
        }
    }
}