{
    "__comment": "Model generated using MrCrayfish's Model Creator (http://mrcrayfish.com/modelcreator/)",
    "textures": {
        "0": "servermod:blocks/adventure/ruins_purple6",
        "1": "servermod:blocks/adventure/ruins_purple5",
        "2": "servermod:blocks/adventure/candy"
    },
    "elements": [
        {
            "name": "Cube",
            "from": [ 3.0, 0.0, -5.0 ], 
            "to": [ 13.0, 2.0, 5.0 ], 
            "faces": {
                "north": { "texture": "#0", "uv": [ 0.0, 0.0, 10.0, 2.0 ] },
                "east": { "texture": "#0", "uv": [ 0.0, 0.0, 10.0, 2.0 ] },
                "south": { "texture": "#0", "uv": [ 0.0, 0.0, 10.0, 2.0 ] },
                "west": { "texture": "#0", "uv": [ 0.0, 0.0, 10.0, 2.0 ] },
                "up": { "texture": "#0", "uv": [ 0.0, 0.0, 10.0, 10.0 ] },
                "down": { "texture": "#0", "uv": [ 0.0, 0.0, 10.0, 10.0 ] }
            }
        },
        {
            "name": "Cube",
            "from": [ 3.5, 2.0, -4.5 ], 
            "to": [ 12.5, 4.0, 4.5 ], 
            "faces": {
                "north": { "texture": "#0", "uv": [ 0.0, 0.0, 9.0, 2.0 ] },
                "east": { "texture": "#0", "uv": [ 0.0, 0.0, 9.0, 2.0 ] },
                "south": { "texture": "#0", "uv": [ 0.0, 0.0, 9.0, 2.0 ] },
                "west": { "texture": "#0", "uv": [ 0.0, 0.0, 9.0, 2.0 ] },
                "up": { "texture": "#1", "uv": [ 0.0, 0.0, 9.0, 9.0 ] },
                "down": { "texture": "#0", "uv": [ 0.0, 0.0, 9.0, 9.0 ] }
            }
        },
        {
            "name": "Cube",
            "from": [ 4.5, 4.0, -3.5 ], 
            "to": [ 11.5, 12.0, 3.5 ], 
            "faces": {
                "north": { "texture": "#0", "uv": [ 0.0, 0.0, 7.0, 8.0 ] },
                "east": { "texture": "#0", "uv": [ 0.0, 0.0, 7.0, 8.0 ] },
                "south": { "texture": "#0", "uv": [ 0.0, 0.0, 7.0, 8.0 ] },
                "west": { "texture": "#0", "uv": [ 0.0, 0.0, 7.0, 8.0 ] },
                "up": { "texture": "#0", "uv": [ 0.0, 0.0, 7.0, 7.0 ] },
                "down": { "texture": "#0", "uv": [ 0.0, 0.0, 7.0, 7.0 ] }
            }
        },
        {
            "name": "Cube",
            "from": [ 3.0, 14.0, -5.0 ], 
            "to": [ 13.0, 16.0, 5.0 ], 
            "faces": {
                "north": { "texture": "#0", "uv": [ 0.0, 0.0, 10.0, 2.0 ] },
                "east": { "texture": "#0", "uv": [ 0.0, 0.0, 10.0, 2.0 ] },
                "south": { "texture": "#0", "uv": [ 0.0, 0.0, 10.0, 2.0 ] },
                "west": { "texture": "#0", "uv": [ 0.0, 0.0, 10.0, 2.0 ] },
                "up": { "texture": "#0", "uv": [ 0.0, 0.0, 10.0, 10.0 ] },
                "down": { "texture": "#0", "uv": [ 0.0, 0.0, 10.0, 10.0 ] }
            }
        },
        {
            "name": "Cube",
            "from": [ 3.5, 12.0, -4.5 ], 
            "to": [ 12.5, 14.0, 4.5 ], 
            "faces": {
                "north": { "texture": "#0", "uv": [ 0.0, 0.0, 9.0, 2.0 ] },
                "east": { "texture": "#0", "uv": [ 0.0, 0.0, 9.0, 2.0 ] },
                "south": { "texture": "#0", "uv": [ 0.0, 0.0, 9.0, 2.0 ] },
                "west": { "texture": "#0", "uv": [ 0.0, 0.0, 9.0, 2.0 ] },
                "up": { "texture": "#0", "uv": [ 0.0, 0.0, 9.0, 9.0 ] },
                "down": { "texture": "#1", "uv": [ 0.0, 0.0, 9.0, 9.0 ] }
            }
        },
        {
            "name": "Cube",
            "from": [ 12.5, 2.0, -4.6 ], 
            "to": [ 12.6, 2.5, 4.5 ], 
            "faces": {
                "north": { "texture": "#1", "uv": [ 0.0, 0.0, 0.1, 0.5 ] },
                "east": { "texture": "#1", "uv": [ 0.0, 0.0, 9.1, 0.5 ] },
                "south": { "texture": "#1", "uv": [ 0.0, 0.0, 0.1, 0.5 ] },
                "west": { "texture": "#1", "uv": [ 0.0, 0.0, 9.1, 0.5 ] },
                "up": { "texture": "#1", "uv": [ 0.0, 0.0, 0.1, 9.1 ] },
                "down": { "texture": "#1", "uv": [ 0.0, 0.0, 0.1, 9.1 ] }
            }
        },
        {
            "name": "Cube",
            "from": [ 12.5, 3.5, -4.6 ], 
            "to": [ 12.6, 4.0, 4.5 ], 
            "faces": {
                "north": { "texture": "#1", "uv": [ 0.0, 0.0, 0.10000000000000009, 0.5 ] },
                "east": { "texture": "#1", "uv": [ 0.0, 0.0, 9.1, 0.5 ] },
                "south": { "texture": "#1", "uv": [ 0.0, 0.0, 0.10000000000000009, 0.5 ] },
                "west": { "texture": "#1", "uv": [ 0.0, 0.0, 9.1, 0.5 ] },
                "up": { "texture": "#1", "uv": [ 0.0, 0.0, 0.10000000000000009, 9.1 ] },
                "down": { "texture": "#1", "uv": [ 0.0, 0.0, 0.10000000000000009, 9.1 ] }
            }
        },
        {
            "name": "Cube",
            "from": [ 3.5, 3.5, -4.6 ], 
            "to": [ 12.5, 4.0, -4.5 ], 
            "faces": {
                "north": { "texture": "#1", "uv": [ 0.0, 0.0, 9.0, 0.5 ] },
                "east": { "texture": "#1", "uv": [ 0.0, 0.0, 0.10000000000000009, 0.5 ] },
                "south": { "texture": "#1", "uv": [ 0.0, 0.0, 9.0, 0.5 ] },
                "west": { "texture": "#1", "uv": [ 0.0, 0.0, 0.10000000000000009, 0.5 ] },
                "up": { "texture": "#1", "uv": [ 0.0, 0.0, 9.0, 0.10000000000000009 ] },
                "down": { "texture": "#1", "uv": [ 0.0, 0.0, 9.0, 0.10000000000000009 ] }
            }
        },
        {
            "name": "Cube",
            "from": [ 3.5, 2.0, -4.6 ], 
            "to": [ 12.5, 2.5, -4.5 ], 
            "faces": {
                "north": { "texture": "#1", "uv": [ 0.0, 0.0, 9.0, 0.5 ] },
                "east": { "texture": "#1", "uv": [ 0.0, 0.0, 0.10000000000000009, 0.5 ] },
                "south": { "texture": "#1", "uv": [ 0.0, 0.0, 9.0, 0.5 ] },
                "west": { "texture": "#1", "uv": [ 0.0, 0.0, 0.10000000000000009, 0.5 ] },
                "up": { "texture": "#1", "uv": [ 0.0, 0.0, 9.0, 0.10000000000000009 ] },
                "down": { "texture": "#1", "uv": [ 0.0, 0.0, 9.0, 0.10000000000000009 ] }
            }
        },
        {
            "name": "Cube",
            "from": [ 12.5, 13.5, -4.6 ], 
            "to": [ 12.6, 14.0, 4.5 ], 
            "faces": {
                "north": { "texture": "#1", "uv": [ 0.0, 0.0, 0.10000000000000009, 0.5 ] },
                "east": { "texture": "#1", "uv": [ 0.0, 0.0, 9.1, 0.5 ] },
                "south": { "texture": "#1", "uv": [ 0.0, 0.0, 0.10000000000000009, 0.5 ] },
                "west": { "texture": "#1", "uv": [ 0.0, 0.0, 9.1, 0.5 ] },
                "up": { "texture": "#1", "uv": [ 0.0, 0.0, 0.10000000000000009, 9.1 ] },
                "down": { "texture": "#1", "uv": [ 0.0, 0.0, 0.10000000000000009, 9.1 ] }
            }
        },
        {
            "name": "Cube",
            "from": [ 12.5, 12.0, -4.6 ], 
            "to": [ 12.6, 12.5, 4.5 ], 
            "faces": {
                "north": { "texture": "#1", "uv": [ 0.0, 0.0, 0.1, 0.5 ] },
                "east": { "texture": "#1", "uv": [ 0.0, 0.0, 9.1, 0.5 ] },
                "south": { "texture": "#1", "uv": [ 0.0, 0.0, 0.1, 0.5 ] },
                "west": { "texture": "#1", "uv": [ 0.0, 0.0, 9.1, 0.5 ] },
                "up": { "texture": "#1", "uv": [ 0.0, 0.0, 0.1, 9.1 ] },
                "down": { "texture": "#1", "uv": [ 0.0, 0.0, 0.1, 9.1 ] }
            }
        },
        {
            "name": "Cube",
            "from": [ 3.5, 13.5, -4.6 ], 
            "to": [ 12.5, 14.0, -4.5 ], 
            "faces": {
                "north": { "texture": "#1", "uv": [ 0.0, 0.0, 9.0, 0.5 ] },
                "east": { "texture": "#1", "uv": [ 0.0, 0.0, 0.10000000000000009, 0.5 ] },
                "south": { "texture": "#1", "uv": [ 0.0, 0.0, 9.0, 0.5 ] },
                "west": { "texture": "#1", "uv": [ 0.0, 0.0, 0.10000000000000009, 0.5 ] },
                "up": { "texture": "#1", "uv": [ 0.0, 0.0, 9.0, 0.10000000000000009 ] },
                "down": { "texture": "#1", "uv": [ 0.0, 0.0, 9.0, 0.10000000000000009 ] }
            }
        },
        {
            "name": "Cube",
            "from": [ 3.5, 12.0, -4.6 ], 
            "to": [ 12.5, 12.5, -4.5 ], 
            "faces": {
                "north": { "texture": "#1", "uv": [ 0.0, 0.0, 9.0, 0.5 ] },
                "east": { "texture": "#1", "uv": [ 0.0, 0.0, 0.10000000000000009, 0.5 ] },
                "south": { "texture": "#1", "uv": [ 0.0, 0.0, 9.0, 0.5 ] },
                "west": { "texture": "#1", "uv": [ 0.0, 0.0, 0.10000000000000009, 0.5 ] },
                "up": { "texture": "#1", "uv": [ 0.0, 0.0, 9.0, 0.10000000000000009 ] },
                "down": { "texture": "#1", "uv": [ 0.0, 0.0, 9.0, 0.10000000000000009 ] }
            }
        },
        {
            "name": "Cube",
            "from": [ 3.4, 13.5, -4.6 ], 
            "to": [ 3.5, 14.0, 4.5 ], 
            "faces": {
                "north": { "texture": "#1", "uv": [ 0.0, 0.0, 0.10000000000000009, 0.5 ] },
                "east": { "texture": "#1", "uv": [ 0.0, 0.0, 9.1, 0.5 ] },
                "south": { "texture": "#1", "uv": [ 0.0, 0.0, 0.10000000000000009, 0.5 ] },
                "west": { "texture": "#1", "uv": [ 0.0, 0.0, 9.1, 0.5 ] },
                "up": { "texture": "#1", "uv": [ 0.0, 0.0, 0.10000000000000009, 9.1 ] },
                "down": { "texture": "#1", "uv": [ 0.0, 0.0, 0.10000000000000009, 9.1 ] }
            }
        },
        {
            "name": "Cube",
            "from": [ 3.4, 12.0, -4.6 ], 
            "to": [ 3.5, 12.5, 4.5 ], 
            "faces": {
                "north": { "texture": "#1", "uv": [ 0.0, 0.0, 0.10000000000000009, 0.5 ] },
                "east": { "texture": "#1", "uv": [ 0.0, 0.0, 9.1, 0.5 ] },
                "south": { "texture": "#1", "uv": [ 0.0, 0.0, 0.10000000000000009, 0.5 ] },
                "west": { "texture": "#1", "uv": [ 0.0, 0.0, 9.1, 0.5 ] },
                "up": { "texture": "#1", "uv": [ 0.0, 0.0, 0.10000000000000009, 9.1 ] },
                "down": { "texture": "#1", "uv": [ 0.0, 0.0, 0.10000000000000009, 9.1 ] }
            }
        },
        {
            "name": "Cube",
            "from": [ 3.4, 2.0, -4.6 ], 
            "to": [ 3.5, 2.5, 4.5 ], 
            "faces": {
                "north": { "texture": "#1", "uv": [ 0.0, 0.0, 0.10000000000000009, 0.5 ] },
                "east": { "texture": "#1", "uv": [ 0.0, 0.0, 9.1, 0.5 ] },
                "south": { "texture": "#1", "uv": [ 0.0, 0.0, 0.10000000000000009, 0.5 ] },
                "west": { "texture": "#1", "uv": [ 0.0, 0.0, 9.1, 0.5 ] },
                "up": { "texture": "#1", "uv": [ 0.0, 0.0, 0.10000000000000009, 9.1 ] },
                "down": { "texture": "#1", "uv": [ 0.0, 0.0, 0.10000000000000009, 9.1 ] }
            }
        },
        {
            "name": "Cube",
            "from": [ 3.4, 3.5, -4.6 ], 
            "to": [ 3.5, 4.0, 4.5 ], 
            "faces": {
                "north": { "texture": "#1", "uv": [ 0.0, 0.0, 0.10000000000000009, 0.5 ] },
                "east": { "texture": "#1", "uv": [ 0.0, 0.0, 9.1, 0.5 ] },
                "south": { "texture": "#1", "uv": [ 0.0, 0.0, 0.10000000000000009, 0.5 ] },
                "west": { "texture": "#1", "uv": [ 0.0, 0.0, 9.1, 0.5 ] },
                "up": { "texture": "#1", "uv": [ 0.0, 0.0, 0.10000000000000009, 9.1 ] },
                "down": { "texture": "#1", "uv": [ 0.0, 0.0, 0.10000000000000009, 9.1 ] }
            }
        },
        {
            "name": "Cube",
            "from": [ 3.5, 13.5, 4.5 ], 
            "to": [ 12.5, 14.0, 4.6 ], 
            "faces": {
                "north": { "texture": "#1", "uv": [ 0.0, 0.0, 9.0, 0.5 ] },
                "east": { "texture": "#1", "uv": [ 0.0, 0.0, 0.10000000000000009, 0.5 ] },
                "south": { "texture": "#1", "uv": [ 0.0, 0.0, 9.0, 0.5 ] },
                "west": { "texture": "#1", "uv": [ 0.0, 0.0, 0.10000000000000009, 0.5 ] },
                "up": { "texture": "#1", "uv": [ 0.0, 0.0, 9.0, 0.10000000000000009 ] },
                "down": { "texture": "#1", "uv": [ 0.0, 0.0, 9.0, 0.10000000000000009 ] }
            }
        },
        {
            "name": "Cube",
            "from": [ 3.5, 12.0, 4.5 ], 
            "to": [ 12.5, 12.5, 4.6 ], 
            "faces": {
                "north": { "texture": "#1", "uv": [ 0.0, 0.0, 9.0, 0.5 ] },
                "east": { "texture": "#1", "uv": [ 0.0, 0.0, 0.10000000000000009, 0.5 ] },
                "south": { "texture": "#1", "uv": [ 0.0, 0.0, 9.0, 0.5 ] },
                "west": { "texture": "#1", "uv": [ 0.0, 0.0, 0.10000000000000009, 0.5 ] },
                "up": { "texture": "#1", "uv": [ 0.0, 0.0, 9.0, 0.10000000000000009 ] },
                "down": { "texture": "#1", "uv": [ 0.0, 0.0, 9.0, 0.10000000000000009 ] }
            }
        },
        {
            "name": "Cube",
            "from": [ 3.5, 2.0, 4.5 ], 
            "to": [ 12.5, 2.5, 4.6 ], 
            "faces": {
                "north": { "texture": "#1", "uv": [ 0.0, 0.0, 9.0, 0.5 ] },
                "east": { "texture": "#1", "uv": [ 0.0, 0.0, 0.10000000000000009, 0.5 ] },
                "south": { "texture": "#1", "uv": [ 0.0, 0.0, 9.0, 0.5 ] },
                "west": { "texture": "#1", "uv": [ 0.0, 0.0, 0.10000000000000009, 0.5 ] },
                "up": { "texture": "#1", "uv": [ 0.0, 0.0, 9.0, 0.10000000000000009 ] },
                "down": { "texture": "#1", "uv": [ 0.0, 0.0, 9.0, 0.10000000000000009 ] }
            }
        },
        {
            "name": "Cube",
            "from": [ 3.5, 3.5, 4.5 ], 
            "to": [ 12.5, 4.0, 4.6 ], 
            "faces": {
                "north": { "texture": "#1", "uv": [ 0.0, 0.0, 9.0, 0.5 ] },
                "east": { "texture": "#1", "uv": [ 0.0, 0.0, 0.10000000000000009, 0.5 ] },
                "south": { "texture": "#1", "uv": [ 0.0, 0.0, 9.0, 0.5 ] },
                "west": { "texture": "#1", "uv": [ 0.0, 0.0, 0.10000000000000009, 0.5 ] },
                "up": { "texture": "#1", "uv": [ 0.0, 0.0, 9.0, 0.10000000000000009 ] },
                "down": { "texture": "#1", "uv": [ 0.0, 0.0, 9.0, 0.10000000000000009 ] }
            }
        },
        {
            "name": "Cube",
            "from": [ 11.5, 4.0, 1.4000000000000004 ], 
            "to": [ 11.6, 12.0, 2.1000000000000005 ], 
            "faces": {
                "north": { "texture": "#1", "uv": [ 0.0, 0.0, 0.1, 8.0 ] },
                "east": { "texture": "#1", "uv": [ 0.0, 0.0, 0.7, 8.0 ] },
                "south": { "texture": "#1", "uv": [ 0.0, 0.0, 0.1, 8.0 ] },
                "west": { "texture": "#1", "uv": [ 0.0, 0.0, 0.7, 8.0 ] },
                "up": { "texture": "#1", "uv": [ 0.0, 0.0, 0.1, 0.7 ] },
                "down": { "texture": "#1", "uv": [ 0.0, 0.0, 0.1, 0.7 ] }
            }
        },
        {
            "name": "Cube",
            "from": [ 11.5, 4.0, -0.5999999999999996 ], 
            "to": [ 11.6, 12.0, 0.10000000000000031 ], 
            "faces": {
                "north": { "texture": "#1", "uv": [ 0.0, 0.0, 0.1, 8.0 ] },
                "east": { "texture": "#1", "uv": [ 0.0, 0.0, 0.7, 8.0 ] },
                "south": { "texture": "#1", "uv": [ 0.0, 0.0, 0.1, 8.0 ] },
                "west": { "texture": "#1", "uv": [ 0.0, 0.0, 0.7, 8.0 ] },
                "up": { "texture": "#1", "uv": [ 0.0, 0.0, 0.1, 0.7 ] },
                "down": { "texture": "#1", "uv": [ 0.0, 0.0, 0.1, 0.7 ] }
            }
        },
        {
            "name": "Cube",
            "from": [ 11.5, 4.0, -2.5999999999999996 ], 
            "to": [ 11.6, 12.0, -1.8999999999999997 ], 
            "faces": {
                "north": { "texture": "#1", "uv": [ 0.0, 0.0, 0.1, 8.0 ] },
                "east": { "texture": "#1", "uv": [ 0.0, 0.0, 0.7, 8.0 ] },
                "south": { "texture": "#1", "uv": [ 0.0, 0.0, 0.1, 8.0 ] },
                "west": { "texture": "#1", "uv": [ 0.0, 0.0, 0.7, 8.0 ] },
                "up": { "texture": "#1", "uv": [ 0.0, 0.0, 0.1, 0.7 ] },
                "down": { "texture": "#1", "uv": [ 0.0, 0.0, 0.1, 0.7 ] }
            }
        },
        {
            "name": "Cube",
            "from": [ 4.4, 4.0, -2.5999999999999996 ], 
            "to": [ 4.5, 12.0, -1.8999999999999997 ], 
            "faces": {
                "north": { "texture": "#1", "uv": [ 0.0, 0.0, 0.1, 8.0 ] },
                "east": { "texture": "#1", "uv": [ 0.0, 0.0, 0.7, 8.0 ] },
                "south": { "texture": "#1", "uv": [ 0.0, 0.0, 0.1, 8.0 ] },
                "west": { "texture": "#1", "uv": [ 0.0, 0.0, 0.7, 8.0 ] },
                "up": { "texture": "#1", "uv": [ 0.0, 0.0, 0.1, 0.7 ] },
                "down": { "texture": "#1", "uv": [ 0.0, 0.0, 0.1, 0.7 ] }
            }
        },
        {
            "name": "Cube",
            "from": [ 4.4, 4.0, -0.5999999999999996 ], 
            "to": [ 4.5, 12.0, 0.10000000000000031 ], 
            "faces": {
                "north": { "texture": "#1", "uv": [ 0.0, 0.0, 0.1, 8.0 ] },
                "east": { "texture": "#1", "uv": [ 0.0, 0.0, 0.7, 8.0 ] },
                "south": { "texture": "#1", "uv": [ 0.0, 0.0, 0.1, 8.0 ] },
                "west": { "texture": "#1", "uv": [ 0.0, 0.0, 0.7, 8.0 ] },
                "up": { "texture": "#1", "uv": [ 0.0, 0.0, 0.1, 0.7 ] },
                "down": { "texture": "#1", "uv": [ 0.0, 0.0, 0.1, 0.7 ] }
            }
        },
        {
            "name": "Cube",
            "from": [ 4.4, 4.0, 1.4000000000000004 ], 
            "to": [ 4.5, 12.0, 2.1000000000000005 ], 
            "faces": {
                "north": { "texture": "#1", "uv": [ 0.0, 0.0, 0.1, 8.0 ] },
                "east": { "texture": "#1", "uv": [ 0.0, 0.0, 0.7, 8.0 ] },
                "south": { "texture": "#1", "uv": [ 0.0, 0.0, 0.1, 8.0 ] },
                "west": { "texture": "#1", "uv": [ 0.0, 0.0, 0.7, 8.0 ] },
                "up": { "texture": "#1", "uv": [ 0.0, 0.0, 0.1, 0.7 ] },
                "down": { "texture": "#1", "uv": [ 0.0, 0.0, 0.1, 0.7 ] }
            }
        },
        {
            "name": "Cube",
            "from": [ 5.5, 4.0, 3.5 ], 
            "to": [ 6.2, 12.5, 3.6 ], 
            "faces": {
                "north": { "texture": "#1", "uv": [ 0.0, 0.0, 0.7, 8.5 ] },
                "east": { "texture": "#1", "uv": [ 0.0, 0.0, 0.10000000000000009, 8.5 ] },
                "south": { "texture": "#1", "uv": [ 0.0, 0.0, 0.7, 8.5 ] },
                "west": { "texture": "#1", "uv": [ 0.0, 0.0, 0.10000000000000009, 8.5 ] },
                "up": { "texture": "#1", "uv": [ 0.0, 0.0, 0.7, 0.10000000000000009 ] },
                "down": { "texture": "#1", "uv": [ 0.0, 0.0, 0.7, 0.10000000000000009 ] }
            }
        },
        {
            "name": "Cube",
            "from": [ 7.5, 4.0, 3.5 ], 
            "to": [ 8.2, 12.5, 3.6 ], 
            "faces": {
                "north": { "texture": "#1", "uv": [ 0.0, 0.0, 0.7, 8.5 ] },
                "east": { "texture": "#1", "uv": [ 0.0, 0.0, 0.10000000000000009, 8.5 ] },
                "south": { "texture": "#1", "uv": [ 0.0, 0.0, 0.7, 8.5 ] },
                "west": { "texture": "#1", "uv": [ 0.0, 0.0, 0.10000000000000009, 8.5 ] },
                "up": { "texture": "#1", "uv": [ 0.0, 0.0, 0.7, 0.10000000000000009 ] },
                "down": { "texture": "#1", "uv": [ 0.0, 0.0, 0.7, 0.10000000000000009 ] }
            }
        },
        {
            "name": "Cube",
            "from": [ 9.5, 4.0, 3.5 ], 
            "to": [ 10.2, 12.5, 3.6 ], 
            "faces": {
                "north": { "texture": "#1", "uv": [ 0.0, 0.0, 0.7, 8.5 ] },
                "east": { "texture": "#1", "uv": [ 0.0, 0.0, 0.10000000000000009, 8.5 ] },
                "south": { "texture": "#1", "uv": [ 0.0, 0.0, 0.7, 8.5 ] },
                "west": { "texture": "#1", "uv": [ 0.0, 0.0, 0.10000000000000009, 8.5 ] },
                "up": { "texture": "#1", "uv": [ 0.0, 0.0, 0.7, 0.10000000000000009 ] },
                "down": { "texture": "#1", "uv": [ 0.0, 0.0, 0.7, 0.10000000000000009 ] }
            }
        },
        {
            "name": "Cube",
            "from": [ 9.5, 4.0, -3.6 ], 
            "to": [ 10.2, 12.5, -3.5 ], 
            "faces": {
                "north": { "texture": "#1", "uv": [ 0.0, 0.0, 0.7, 8.5 ] },
                "east": { "texture": "#1", "uv": [ 0.0, 0.0, 0.10000000000000009, 8.5 ] },
                "south": { "texture": "#1", "uv": [ 0.0, 0.0, 0.7, 8.5 ] },
                "west": { "texture": "#1", "uv": [ 0.0, 0.0, 0.10000000000000009, 8.5 ] },
                "up": { "texture": "#1", "uv": [ 0.0, 0.0, 0.7, 0.10000000000000009 ] },
                "down": { "texture": "#1", "uv": [ 0.0, 0.0, 0.7, 0.10000000000000009 ] }
            }
        },
        {
            "name": "Cube",
            "from": [ 7.5, 4.0, -3.6 ], 
            "to": [ 8.2, 12.5, -3.5 ], 
            "faces": {
                "north": { "texture": "#1", "uv": [ 0.0, 0.0, 0.7, 8.5 ] },
                "east": { "texture": "#1", "uv": [ 0.0, 0.0, 0.10000000000000009, 8.5 ] },
                "south": { "texture": "#1", "uv": [ 0.0, 0.0, 0.7, 8.5 ] },
                "west": { "texture": "#1", "uv": [ 0.0, 0.0, 0.10000000000000009, 8.5 ] },
                "up": { "texture": "#1", "uv": [ 0.0, 0.0, 0.7, 0.10000000000000009 ] },
                "down": { "texture": "#1", "uv": [ 0.0, 0.0, 0.7, 0.10000000000000009 ] }
            }
        },
        {
            "name": "Cube",
            "from": [ 5.5, 4.0, -3.6 ], 
            "to": [ 6.2, 12.5, -3.5 ], 
            "faces": {
                "north": { "texture": "#1", "uv": [ 0.0, 0.0, 0.7, 8.5 ] },
                "east": { "texture": "#1", "uv": [ 0.0, 0.0, 0.10000000000000009, 8.5 ] },
                "south": { "texture": "#1", "uv": [ 0.0, 0.0, 0.7, 8.5 ] },
                "west": { "texture": "#1", "uv": [ 0.0, 0.0, 0.10000000000000009, 8.5 ] },
                "up": { "texture": "#1", "uv": [ 0.0, 0.0, 0.7, 0.10000000000000009 ] },
                "down": { "texture": "#1", "uv": [ 0.0, 0.0, 0.7, 0.10000000000000009 ] }
            }
        },
        {
            "name": "Cube",
            "from": [ 15.0, 2.5, -1.0 ], 
            "to": [ 17.0, 3.0, 1.0 ], 
            "faces": {
                "north": { "texture": "#0", "uv": [ 0.0, 0.0, 2.0, 0.5 ] },
                "east": { "texture": "#0", "uv": [ 0.0, 0.0, 2.0, 0.5 ] },
                "south": { "texture": "#0", "uv": [ 0.0, 0.0, 2.0, 0.5 ] },
                "west": { "texture": "#0", "uv": [ 0.0, 0.0, 2.0, 0.5 ] },
                "up": { "texture": "#0", "uv": [ 0.0, 0.0, 2.0, 2.0 ] },
                "down": { "texture": "#0", "uv": [ 0.0, 0.0, 2.0, 2.0 ] }
            }
        },
        {
            "name": "Cube",
            "from": [ 14.0, 1.5, -2.0 ], 
            "to": [ 18.0, 2.5, 2.0 ], 
            "faces": {
                "north": { "texture": "#0", "uv": [ 0.0, 0.0, 4.0, 1.0 ] },
                "east": { "texture": "#0", "uv": [ 0.0, 0.0, 4.0, 1.0 ] },
                "south": { "texture": "#0", "uv": [ 0.0, 0.0, 4.0, 1.0 ] },
                "west": { "texture": "#0", "uv": [ 0.0, 0.0, 4.0, 1.0 ] },
                "up": { "texture": "#0", "uv": [ 0.0, 0.0, 4.0, 4.0 ] },
                "down": { "texture": "#0", "uv": [ 0.0, 0.0, 4.0, 4.0 ] }
            }
        },
        {
            "name": "Cube",
            "from": [ 13.3, 0.5, -2.8 ], 
            "to": [ 18.8, 1.5, 2.7 ], 
            "faces": {
                "north": { "texture": "#0", "uv": [ 0.0, 0.0, 5.5, 1.0 ] },
                "east": { "texture": "#0", "uv": [ 0.0, 0.0, 5.5, 1.0 ] },
                "south": { "texture": "#0", "uv": [ 0.0, 0.0, 5.5, 1.0 ] },
                "west": { "texture": "#0", "uv": [ 0.0, 0.0, 5.5, 1.0 ] },
                "up": { "texture": "#0", "uv": [ 0.0, 0.0, 5.5, 5.5 ] },
                "down": { "texture": "#0", "uv": [ 0.0, 0.0, 5.5, 5.5 ] }
            }
        },
        {
            "name": "Cube",
            "from": [ 13.3, 0.0, -3.2 ], 
            "to": [ 18.8, 1.3000000000000007, -2.7 ], 
            "faces": {
                "north": { "texture": "#0", "uv": [ 0.0, 0.0, 5.5, 1.3 ] },
                "east": { "texture": "#0", "uv": [ 0.0, 0.0, 0.5, 1.3 ] },
                "south": { "texture": "#0", "uv": [ 0.0, 0.0, 5.5, 1.3 ] },
                "west": { "texture": "#0", "uv": [ 0.0, 0.0, 0.5, 1.3 ] },
                "up": { "texture": "#0", "uv": [ 0.0, 0.0, 5.5, 0.5 ] },
                "down": { "texture": "#0", "uv": [ 0.0, 0.0, 5.5, 0.5 ] }
            }
        },
        {
            "name": "Cube",
            "from": [ 13.3, 0.0, 2.7 ], 
            "to": [ 18.8, 1.3000000000000007, 3.2 ], 
            "faces": {
                "north": { "texture": "#0", "uv": [ 0.0, 0.0, 5.5, 1.3 ] },
                "east": { "texture": "#0", "uv": [ 0.0, 0.0, 0.5, 1.3 ] },
                "south": { "texture": "#0", "uv": [ 0.0, 0.0, 5.5, 1.3 ] },
                "west": { "texture": "#0", "uv": [ 0.0, 0.0, 0.5, 1.3 ] },
                "up": { "texture": "#0", "uv": [ 0.0, 0.0, 5.5, 0.5 ] },
                "down": { "texture": "#0", "uv": [ 0.0, 0.0, 5.5, 0.5 ] }
            }
        },
        {
            "name": "Cube",
            "from": [ 13.0, 0.0, -2.8 ], 
            "to": [ 13.5, 1.3000000000000007, 2.7 ], 
            "faces": {
                "north": { "texture": "#0", "uv": [ 0.0, 0.0, 0.5, 1.3 ] },
                "east": { "texture": "#0", "uv": [ 0.0, 0.0, 5.5, 1.3 ] },
                "south": { "texture": "#0", "uv": [ 0.0, 0.0, 0.5, 1.3 ] },
                "west": { "texture": "#0", "uv": [ 0.0, 0.0, 5.5, 1.3 ] },
                "up": { "texture": "#0", "uv": [ 0.0, 0.0, 0.5, 5.5 ] },
                "down": { "texture": "#0", "uv": [ 0.0, 0.0, 0.5, 5.5 ] }
            }
        },
        {
            "name": "Cube",
            "from": [ 18.7, 0.0, -2.8 ], 
            "to": [ 19.2, 1.3000000000000007, 2.7 ], 
            "faces": {
                "north": { "texture": "#0", "uv": [ 0.0, 0.0, 0.5, 1.3 ] },
                "east": { "texture": "#0", "uv": [ 0.0, 0.0, 5.5, 1.3 ] },
                "south": { "texture": "#0", "uv": [ 0.0, 0.0, 0.5, 1.3 ] },
                "west": { "texture": "#0", "uv": [ 0.0, 0.0, 5.5, 1.3 ] },
                "up": { "texture": "#0", "uv": [ 0.0, 0.0, 0.5, 5.5 ] },
                "down": { "texture": "#0", "uv": [ 0.0, 0.0, 0.5, 5.5 ] }
            }
        },
        {
            "name": "Cube",
            "from": [ 14.5, 0.0, -1.7000000000000002 ], 
            "to": [ 19.7, 0.6999999999999993, 3.7 ], 
            "faces": {
                "north": { "texture": "#2", "uv": [ 0.0, 0.0, 5.2, 0.7 ] },
                "east": { "texture": "#2", "uv": [ 0.0, 0.0, 5.4, 0.7 ] },
                "south": { "texture": "#2", "uv": [ 0.0, 0.0, 5.2, 0.7 ] },
                "west": { "texture": "#2", "uv": [ 0.0, 0.0, 5.4, 0.7 ] },
                "up": { "texture": "#2", "uv": [ 0.0, 0.0, 5.2, 5.4 ] },
                "down": { "texture": "#2", "uv": [ 0.0, 0.0, 5.2, 5.4 ] }
            }
        },
        {
            "name": "Cube",
            "from": [ 19.0, 0.0, -2.7 ], 
            "to": [ 23.2, 0.6000000000000014, 2.3 ], 
            "faces": {
                "north": { "texture": "#2", "uv": [ 0.0, 0.0, 4.2, 0.6 ] },
                "east": { "texture": "#2", "uv": [ 0.0, 0.0, 5.0, 0.6 ] },
                "south": { "texture": "#2", "uv": [ 0.0, 0.0, 4.2, 0.6 ] },
                "west": { "texture": "#2", "uv": [ 0.0, 0.0, 5.0, 0.6 ] },
                "up": { "texture": "#2", "uv": [ 0.0, 0.0, 4.2, 5.0 ] },
                "down": { "texture": "#2", "uv": [ 0.0, 0.0, 4.2, 5.0 ] }
            }
        },
        {
            "name": "Cube",
            "from": [ 14.5, 0.0, 0.7999999999999998 ], 
            "to": [ 17.7, 0.3999999999999986, 4.8 ], 
            "faces": {
                "north": { "texture": "#2", "uv": [ 0.0, 0.0, 3.2, 0.4 ] },
                "east": { "texture": "#2", "uv": [ 0.0, 0.0, 4.0, 0.4 ] },
                "south": { "texture": "#2", "uv": [ 0.0, 0.0, 3.2, 0.4 ] },
                "west": { "texture": "#2", "uv": [ 0.0, 0.0, 4.0, 0.4 ] },
                "up": { "texture": "#2", "uv": [ 0.0, 0.0, 3.2, 4.0 ] },
                "down": { "texture": "#2", "uv": [ 0.0, 0.0, 3.2, 4.0 ] }
            }
        }
    ]
}