{
    "__comment": "Model generated using MrCrayfish's Model Creator (http://mrcrayfish.com/modelcreator/)",
    "textures": {
        "0": "servermod:blocks/adventure/dummy_peach",
        "1": "servermod:blocks/adventure/gold"
    },
    "elements": [
        {
            "name": "Cube",
            "from": [ 14.0, 0.0, 6.0 ], 
            "to": [ 18.0, 1.0, 10.0 ], 
            "faces": {
                "north": { "texture": "#0", "uv": [ 0.0, 0.0, 4.0, 1.0 ] },
                "east": { "texture": "#0", "uv": [ 0.0, 0.0, 4.0, 1.0 ] },
                "south": { "texture": "#0", "uv": [ 0.0, 0.0, 4.0, 1.0 ] },
                "west": { "texture": "#0", "uv": [ 0.0, 0.0, 4.0, 1.0 ] },
                "up": { "texture": "#0", "uv": [ 0.0, 0.0, 4.0, 4.0 ] },
                "down": { "texture": "#0", "uv": [ 0.0, 0.0, 4.0, 4.0 ] }
            }
        },
        {
            "name": "Cube",
            "from": [ 13.0, 0.0, 6.5 ], 
            "to": [ 14.0, 1.0, 9.5 ], 
            "faces": {
                "north": { "texture": "#0", "uv": [ 0.0, 0.0, 1.0, 1.0 ] },
                "east": { "texture": "#0", "uv": [ 0.0, 0.0, 3.0, 1.0 ] },
                "south": { "texture": "#0", "uv": [ 0.0, 0.0, 1.0, 1.0 ] },
                "west": { "texture": "#0", "uv": [ 0.0, 0.0, 3.0, 1.0 ] },
                "up": { "texture": "#0", "uv": [ 0.0, 0.0, 1.0, 3.0 ] },
                "down": { "texture": "#0", "uv": [ 0.0, 0.0, 1.0, 3.0 ] }
            }
        },
        {
            "name": "Cube",
            "from": [ 18.0, 0.0, 6.5 ], 
            "to": [ 19.0, 1.0, 9.5 ], 
            "faces": {
                "north": { "texture": "#0", "uv": [ 0.0, 0.0, 1.0, 1.0 ] },
                "east": { "texture": "#0", "uv": [ 0.0, 0.0, 3.0, 1.0 ] },
                "south": { "texture": "#0", "uv": [ 0.0, 0.0, 1.0, 1.0 ] },
                "west": { "texture": "#0", "uv": [ 0.0, 0.0, 3.0, 1.0 ] },
                "up": { "texture": "#0", "uv": [ 0.0, 0.0, 1.0, 3.0 ] },
                "down": { "texture": "#0", "uv": [ 0.0, 0.0, 1.0, 3.0 ] }
            }
        },
        {
            "name": "Cube",
            "from": [ 14.5, 0.0, 10.0 ], 
            "to": [ 17.5, 1.0, 11.0 ], 
            "faces": {
                "north": { "texture": "#0", "uv": [ 0.0, 0.0, 3.0, 1.0 ] },
                "east": { "texture": "#0", "uv": [ 0.0, 0.0, 1.0, 1.0 ] },
                "south": { "texture": "#0", "uv": [ 0.0, 0.0, 3.0, 1.0 ] },
                "west": { "texture": "#0", "uv": [ 0.0, 0.0, 1.0, 1.0 ] },
                "up": { "texture": "#0", "uv": [ 0.0, 0.0, 3.0, 1.0 ] },
                "down": { "texture": "#0", "uv": [ 0.0, 0.0, 3.0, 1.0 ] }
            }
        },
        {
            "name": "Cube",
            "from": [ 14.5, 0.0, 5.0 ], 
            "to": [ 17.5, 1.0, 6.0 ], 
            "faces": {
                "north": { "texture": "#0", "uv": [ 0.0, 0.0, 3.0, 1.0 ] },
                "east": { "texture": "#0", "uv": [ 0.0, 0.0, 1.0, 1.0 ] },
                "south": { "texture": "#0", "uv": [ 0.0, 0.0, 3.0, 1.0 ] },
                "west": { "texture": "#0", "uv": [ 0.0, 0.0, 1.0, 1.0 ] },
                "up": { "texture": "#0", "uv": [ 0.0, 0.0, 3.0, 1.0 ] },
                "down": { "texture": "#0", "uv": [ 0.0, 0.0, 3.0, 1.0 ] }
            }
        },
        {
            "name": "Cube",
            "from": [ 15.5, 1.0, 7.5 ], 
            "to": [ 16.5, 5.0, 8.5 ], 
            "faces": {
                "north": { "texture": "#0", "uv": [ 0.0, 0.0, 1.0, 4.0 ] },
                "east": { "texture": "#0", "uv": [ 0.0, 0.0, 1.0, 4.0 ] },
                "south": { "texture": "#0", "uv": [ 0.0, 0.0, 1.0, 4.0 ] },
                "west": { "texture": "#0", "uv": [ 0.0, 0.0, 1.0, 4.0 ] },
                "up": { "texture": "#0", "uv": [ 0.0, 0.0, 1.0, 1.0 ] },
                "down": { "texture": "#0", "uv": [ 0.0, 0.0, 1.0, 1.0 ] }
            }
        },
        {
            "name": "Cube",
            "from": [ 13.5, 5.0, 5.5 ], 
            "to": [ 18.5, 7.0, 10.5 ], 
            "faces": {
                "north": { "texture": "#0", "uv": [ 0.0, 0.0, 5.0, 2.0 ] },
                "east": { "texture": "#0", "uv": [ 0.0, 0.0, 5.0, 2.0 ] },
                "south": { "texture": "#0", "uv": [ 0.0, 0.0, 5.0, 2.0 ] },
                "west": { "texture": "#0", "uv": [ 0.0, 0.0, 5.0, 2.0 ] },
                "up": { "texture": "#0", "uv": [ 0.0, 0.0, 5.0, 5.0 ] },
                "down": { "texture": "#0", "uv": [ 0.0, 0.0, 5.0, 5.0 ] }
            }
        },
        {
            "name": "Cube",
            "from": [ 12.5, 7.0, 4.5 ], 
            "to": [ 19.3, 10.0, 11.3 ], 
            "faces": {
                "north": { "texture": "#0", "uv": [ 0.0, 0.0, 6.8, 3.0 ] },
                "east": { "texture": "#0", "uv": [ 0.0, 0.0, 6.8, 3.0 ] },
                "south": { "texture": "#0", "uv": [ 0.0, 0.0, 6.8, 3.0 ] },
                "west": { "texture": "#0", "uv": [ 0.0, 0.0, 6.8, 3.0 ] },
                "up": { "texture": "#0", "uv": [ 0.0, 0.0, 6.8, 6.8 ] },
                "down": { "texture": "#0", "uv": [ 0.0, 0.0, 6.8, 6.8 ] }
            }
        },
        {
            "name": "Cube",
            "from": [ 13.2, 10.0, 5.2 ], 
            "to": [ 18.6, 12.0, 10.600000000000001 ], 
            "faces": {
                "north": { "texture": "#0", "uv": [ 0.0, 0.0, 5.4, 2.0 ] },
                "east": { "texture": "#0", "uv": [ 0.0, 0.0, 5.4, 2.0 ] },
                "south": { "texture": "#0", "uv": [ 0.0, 0.0, 5.4, 2.0 ] },
                "west": { "texture": "#0", "uv": [ 0.0, 0.0, 5.4, 2.0 ] },
                "up": { "texture": "#0", "uv": [ 0.0, 0.0, 5.4, 5.4 ] },
                "down": { "texture": "#0", "uv": [ 0.0, 0.0, 5.4, 5.4 ] }
            }
        },
        {
            "name": "Cube",
            "from": [ 13.7, 12.0, 5.7 ], 
            "to": [ 18.2, 14.0, 10.2 ], 
            "faces": {
                "north": { "texture": "#0", "uv": [ 0.0, 0.0, 4.5, 2.0 ] },
                "east": { "texture": "#0", "uv": [ 0.0, 0.0, 4.5, 2.0 ] },
                "south": { "texture": "#0", "uv": [ 0.0, 0.0, 4.5, 2.0 ] },
                "west": { "texture": "#0", "uv": [ 0.0, 0.0, 4.5, 2.0 ] },
                "up": { "texture": "#0", "uv": [ 0.0, 0.0, 4.5, 4.5 ] },
                "down": { "texture": "#0", "uv": [ 0.0, 0.0, 4.5, 4.5 ] }
            }
        },
        {
            "name": "Cube",
            "from": [ 13.7, 14.0, 5.7 ], 
            "to": [ 18.2, 15.0, 9.2 ], 
            "faces": {
                "north": { "texture": "#0", "uv": [ 0.0, 0.0, 4.5, 1.0 ] },
                "east": { "texture": "#0", "uv": [ 0.0, 0.0, 3.5, 1.0 ] },
                "south": { "texture": "#0", "uv": [ 0.0, 0.0, 4.5, 1.0 ] },
                "west": { "texture": "#0", "uv": [ 0.0, 0.0, 3.5, 1.0 ] },
                "up": { "texture": "#0", "uv": [ 0.0, 0.0, 4.5, 3.5 ] },
                "down": { "texture": "#0", "uv": [ 0.0, 0.0, 4.5, 3.5 ] }
            }
        },
        {
            "name": "Cube",
            "from": [ 13.7, 15.0, 5.7 ], 
            "to": [ 18.2, 16.0, 8.7 ], 
            "faces": {
                "north": { "texture": "#0", "uv": [ 0.0, 0.0, 4.5, 1.0 ] },
                "east": { "texture": "#0", "uv": [ 0.0, 0.0, 3.0, 1.0 ] },
                "south": { "texture": "#0", "uv": [ 0.0, 0.0, 4.5, 1.0 ] },
                "west": { "texture": "#0", "uv": [ 0.0, 0.0, 3.0, 1.0 ] },
                "up": { "texture": "#0", "uv": [ 0.0, 0.0, 4.5, 3.0 ] },
                "down": { "texture": "#0", "uv": [ 0.0, 0.0, 4.5, 3.0 ] }
            }
        },
        {
            "name": "Cube",
            "from": [ 15.0, 16.0, 6.0 ], 
            "to": [ 17.0, 17.0, 8.0 ], 
            "faces": {
                "north": { "texture": "#0", "uv": [ 0.0, 0.0, 2.0, 1.0 ] },
                "east": { "texture": "#0", "uv": [ 0.0, 0.0, 2.0, 1.0 ] },
                "south": { "texture": "#0", "uv": [ 0.0, 0.0, 2.0, 1.0 ] },
                "west": { "texture": "#0", "uv": [ 0.0, 0.0, 2.0, 1.0 ] },
                "up": { "texture": "#0", "uv": [ 0.0, 0.0, 2.0, 2.0 ] },
                "down": { "texture": "#0", "uv": [ 0.0, 0.0, 2.0, 2.0 ] }
            }
        },
        {
            "name": "Cube",
            "from": [ 13.0, 18.0, 3.0 ], 
            "to": [ 19.0, 22.0, 4.0 ], 
            "faces": {
                "north": { "texture": "#0", "uv": [ 0.0, 0.0, 6.0, 4.0 ] },
                "east": { "texture": "#0", "uv": [ 0.0, 0.0, 1.0, 4.0 ] },
                "south": { "texture": "#0", "uv": [ 0.0, 0.0, 6.0, 4.0 ] },
                "west": { "texture": "#0", "uv": [ 0.0, 0.0, 1.0, 4.0 ] },
                "up": { "texture": "#0", "uv": [ 0.0, 0.0, 6.0, 1.0 ] },
                "down": { "texture": "#0", "uv": [ 0.0, 0.0, 6.0, 1.0 ] }
            }
        },
        {
            "name": "Cube",
            "from": [ 13.0, 17.0, 4.0 ], 
            "to": [ 19.0, 23.0, 6.0 ], 
            "faces": {
                "north": { "texture": "#0", "uv": [ 0.0, 0.0, 6.0, 6.0 ] },
                "east": { "texture": "#0", "uv": [ 0.0, 0.0, 2.0, 6.0 ] },
                "south": { "texture": "#0", "uv": [ 0.0, 0.0, 6.0, 6.0 ] },
                "west": { "texture": "#0", "uv": [ 0.0, 0.0, 2.0, 6.0 ] },
                "up": { "texture": "#0", "uv": [ 0.0, 0.0, 6.0, 2.0 ] },
                "down": { "texture": "#0", "uv": [ 0.0, 0.0, 6.0, 2.0 ] }
            }
        },
        {
            "name": "Cube",
            "from": [ 12.0, 17.0, 6.0 ], 
            "to": [ 20.0, 22.0, 8.0 ], 
            "faces": {
                "north": { "texture": "#0", "uv": [ 0.0, 0.0, 8.0, 5.0 ] },
                "east": { "texture": "#0", "uv": [ 0.0, 0.0, 2.0, 5.0 ] },
                "south": { "texture": "#0", "uv": [ 0.0, 0.0, 8.0, 5.0 ] },
                "west": { "texture": "#0", "uv": [ 0.0, 0.0, 2.0, 5.0 ] },
                "up": { "texture": "#0", "uv": [ 0.0, 0.0, 8.0, 2.0 ] },
                "down": { "texture": "#0", "uv": [ 0.0, 0.0, 8.0, 2.0 ] }
            }
        },
        {
            "name": "Cube",
            "from": [ 12.5, 17.0, 8.0 ], 
            "to": [ 19.5, 21.5, 10.0 ], 
            "faces": {
                "north": { "texture": "#0", "uv": [ 0.0, 0.0, 7.0, 4.5 ] },
                "east": { "texture": "#0", "uv": [ 0.0, 0.0, 2.0, 4.5 ] },
                "south": { "texture": "#0", "uv": [ 0.0, 0.0, 7.0, 4.5 ] },
                "west": { "texture": "#0", "uv": [ 0.0, 0.0, 2.0, 4.5 ] },
                "up": { "texture": "#0", "uv": [ 0.0, 0.0, 7.0, 2.0 ] },
                "down": { "texture": "#0", "uv": [ 0.0, 0.0, 7.0, 2.0 ] }
            }
        },
        {
            "name": "Cube",
            "from": [ 12.5, 17.0, 10.0 ], 
            "to": [ 18.8, 20.7, 12.4 ], 
            "faces": {
                "north": { "texture": "#0", "uv": [ 0.0, 0.0, 6.3, 3.7 ] },
                "east": { "texture": "#0", "uv": [ 0.0, 0.0, 2.4, 3.7 ] },
                "south": { "texture": "#0", "uv": [ 0.0, 0.0, 6.3, 3.7 ] },
                "west": { "texture": "#0", "uv": [ 0.0, 0.0, 2.4, 3.7 ] },
                "up": { "texture": "#0", "uv": [ 0.0, 0.0, 6.3, 2.4 ] },
                "down": { "texture": "#0", "uv": [ 0.0, 0.0, 6.3, 2.4 ] }
            }
        },
        {
            "name": "Cube",
            "from": [ 12.8, 16.8, 12.0 ], 
            "to": [ 18.5, 19.8, 13.4 ], 
            "faces": {
                "north": { "texture": "#0", "uv": [ 0.0, 0.0, 5.7, 3.0 ] },
                "east": { "texture": "#0", "uv": [ 0.0, 0.0, 1.4, 3.0 ] },
                "south": { "texture": "#0", "uv": [ 0.0, 0.0, 5.7, 3.0 ] },
                "west": { "texture": "#0", "uv": [ 0.0, 0.0, 1.4, 3.0 ] },
                "up": { "texture": "#0", "uv": [ 0.0, 0.0, 5.7, 1.4 ] },
                "down": { "texture": "#0", "uv": [ 0.0, 0.0, 5.7, 1.4 ] }
            }
        },
        {
            "name": "Cube",
            "from": [ 19.5, 19.4, 8.5 ], 
            "to": [ 19.6, 20.4, 9.5 ], 
            "faces": {
                "north": { "texture": "#1", "uv": [ 0.0, 0.0, 0.1, 1.0 ] },
                "east": { "texture": "#1", "uv": [ 0.0, 0.0, 1.0, 1.0 ] },
                "south": { "texture": "#1", "uv": [ 0.0, 0.0, 0.1, 1.0 ] },
                "west": { "texture": "#1", "uv": [ 0.0, 0.0, 1.0, 1.0 ] },
                "up": { "texture": "#1", "uv": [ 0.0, 0.0, 0.1, 1.0 ] },
                "down": { "texture": "#1", "uv": [ 0.0, 0.0, 0.1, 1.0 ] }
            }
        },
        {
            "name": "Cube",
            "from": [ 12.4, 19.4, 8.5 ], 
            "to": [ 12.5, 20.4, 9.5 ], 
            "faces": {
                "north": { "texture": "#1", "uv": [ 0.0, 0.0, 0.1, 1.0 ] },
                "east": { "texture": "#1", "uv": [ 0.0, 0.0, 1.0, 1.0 ] },
                "south": { "texture": "#1", "uv": [ 0.0, 0.0, 0.1, 1.0 ] },
                "west": { "texture": "#1", "uv": [ 0.0, 0.0, 1.0, 1.0 ] },
                "up": { "texture": "#1", "uv": [ 0.0, 0.0, 0.1, 1.0 ] },
                "down": { "texture": "#1", "uv": [ 0.0, 0.0, 0.1, 1.0 ] }
            }
        }
    ]
}