{
    "__comment": "Model generated using MrCrayfish's Model Creator (http://mrcrayfish.com/modelcreator/)",
"ambientocclusion": false,
    "textures": {
        "0": "servermod:blocks/adventure/table_leg",
        "1": "servermod:blocks/adventure/table",
        "2": "servermod:blocks/adventure/cheese"
    },
    "elements": [
        {
            "name": "2nd side",
            "from": [ 4.0, 6.0, 0.0 ], 
            "to": [ 13.0, 7.0, 1.0 ], 
            "faces": {
                "north": { "texture": "#0", "uv": [ 0.0, 0.0, 13.0, 1.0 ] },
                "east": { "texture": "#0", "uv": [ 0.0, 0.0, 2.0, 1.0 ] },
                "south": { "texture": "#0", "uv": [ 0.0, 0.0, 13.0, 1.0 ] },
                "west": { "texture": "#0", "uv": [ 0.0, 0.0, 2.0, 1.0 ] },
                "up": { "texture": "#1", "uv": [ 0.0, 0.0, 13.0, 2.0 ] },
                "down": { "texture": "#0", "uv": [ 0.0, 0.0, 13.0, 2.0 ] }
            }
        },
        {
            "name": "Cube",
            "from": [ 4.0, 6.0, 14.0 ], 
            "to": [ 13.0, 7.0, 15.0 ], 
            "faces": {
                "north": { "texture": "#0", "uv": [ 0.0, 0.0, 13.0, 1.0 ] },
                "east": { "texture": "#0", "uv": [ 0.0, 0.0, 2.0, 1.0 ] },
                "south": { "texture": "#0", "uv": [ 0.0, 0.0, 13.0, 1.0 ] },
                "west": { "texture": "#0", "uv": [ 0.0, 0.0, 2.0, 1.0 ] },
                "up": { "texture": "#1", "uv": [ 0.0, 0.0, 13.0, 2.0 ] },
                "down": { "texture": "#0", "uv": [ 0.0, 0.0, 13.0, 2.0 ] }
            }
        },
        {
            "name": "3rd side",
            "from": [ 2.0, 6.0, 1.0 ], 
            "to": [ 15.0, 7.0, 3.0 ], 
            "faces": {
                "north": { "texture": "#0", "uv": [ 0.0, 0.0, 15.0, 1.0 ] },
                "east": { "texture": "#0", "uv": [ 0.0, 0.0, 2.0, 1.0 ] },
                "south": { "texture": "#0", "uv": [ 0.0, 0.0, 15.0, 1.0 ] },
                "west": { "texture": "#0", "uv": [ 0.0, 0.0, 2.0, 1.0 ] },
                "up": { "texture": "#1", "uv": [ 0.0, 0.0, 15.0, 2.0 ] },
                "down": { "texture": "#0", "uv": [ 0.0, 0.0, 15.0, 2.0 ] }
            }
        },
        {
            "name": "Cube",
            "from": [ 2.0, 6.0, 12.0 ], 
            "to": [ 15.0, 7.0, 14.0 ], 
            "faces": {
                "north": { "texture": "#0", "uv": [ 0.0, 0.0, 15.0, 1.0 ] },
                "east": { "texture": "#0", "uv": [ 0.0, 0.0, 2.0, 1.0 ] },
                "south": { "texture": "#0", "uv": [ 0.0, 0.0, 15.0, 1.0 ] },
                "west": { "texture": "#0", "uv": [ 0.0, 0.0, 2.0, 1.0 ] },
                "up": { "texture": "#1", "uv": [ 0.0, 0.0, 15.0, 2.0 ] },
                "down": { "texture": "#0", "uv": [ 0.0, 0.0, 15.0, 2.0 ] }
            }
        },
        {
            "name": "4th side",
            "from": [ 1.0, 6.0, 3.0 ], 
            "to": [ 16.0, 7.0, 9.0 ], 
            "faces": {
                "north": { "texture": "#0", "uv": [ 0.0, 0.0, 17.0, 1.0 ] },
                "east": { "texture": "#0", "uv": [ 0.0, 0.0, 2.0, 1.0 ] },
                "south": { "texture": "#0", "uv": [ 0.0, 0.0, 17.0, 1.0 ] },
                "west": { "texture": "#0", "uv": [ 0.0, 0.0, 2.0, 1.0 ] },
                "up": { "texture": "#1", "uv": [ 0.0, 0.0, 17.0, 2.0 ] },
                "down": { "texture": "#0", "uv": [ 0.0, 0.0, 17.0, 2.0 ] }
            }
        },
        {
            "name": "Cube",
            "from": [ 1.0, 6.0, 9.0 ], 
            "to": [ 16.0, 7.0, 12.0 ], 
            "faces": {
                "north": { "texture": "#0", "uv": [ 0.0, 0.0, 17.0, 1.0 ] },
                "east": { "texture": "#0", "uv": [ 0.0, 0.0, 2.0, 1.0 ] },
                "south": { "texture": "#0", "uv": [ 0.0, 0.0, 17.0, 1.0 ] },
                "west": { "texture": "#0", "uv": [ 0.0, 0.0, 2.0, 1.0 ] },
                "up": { "texture": "#1", "uv": [ 0.0, 0.0, 17.0, 2.0 ] },
                "down": { "texture": "#0", "uv": [ 0.0, 0.0, 17.0, 2.0 ] }
            }
        },
        {
            "name": "1st leg OHH YESSS",
            "from": [ 4.0, 0.0, 1.0 ], 
            "to": [ 5.0, 6.0, 2.0 ], 
            "faces": {
                "north": { "texture": "#0", "uv": [ 0.0, 0.0, 1.0, 6.0 ] },
                "east": { "texture": "#0", "uv": [ 0.0, 0.0, 1.0, 6.0 ] },
                "south": { "texture": "#0", "uv": [ 0.0, 0.0, 1.0, 6.0 ] },
                "west": { "texture": "#0", "uv": [ 0.0, 0.0, 1.0, 6.0 ] },
                "up": { "texture": "#0", "uv": [ 0.0, 0.0, 1.0, 1.0 ] },
                "down": { "texture": "#0", "uv": [ 0.0, 0.0, 1.0, 1.0 ] }
            }
        },
        {
            "name": "Cube",
            "from": [ 12.0, 0.0, 1.0 ], 
            "to": [ 13.0, 6.0, 2.0 ], 
            "faces": {
                "north": { "texture": "#0", "uv": [ 0.0, 0.0, 1.0, 6.0 ] },
                "east": { "texture": "#0", "uv": [ 0.0, 0.0, 1.0, 6.0 ] },
                "south": { "texture": "#0", "uv": [ 0.0, 0.0, 1.0, 6.0 ] },
                "west": { "texture": "#0", "uv": [ 0.0, 0.0, 1.0, 6.0 ] },
                "up": { "texture": "#0", "uv": [ 0.0, 0.0, 1.0, 1.0 ] },
                "down": { "texture": "#0", "uv": [ 0.0, 0.0, 1.0, 1.0 ] }
            }
        },
        {
            "name": "Cube",
            "from": [ 4.0, 0.0, 13.0 ], 
            "to": [ 5.0, 6.0, 14.0 ], 
            "faces": {
                "north": { "texture": "#0", "uv": [ 0.0, 0.0, 1.0, 6.0 ] },
                "east": { "texture": "#0", "uv": [ 0.0, 0.0, 1.0, 6.0 ] },
                "south": { "texture": "#0", "uv": [ 0.0, 0.0, 1.0, 6.0 ] },
                "west": { "texture": "#0", "uv": [ 0.0, 0.0, 1.0, 6.0 ] },
                "up": { "texture": "#0", "uv": [ 0.0, 0.0, 1.0, 1.0 ] },
                "down": { "texture": "#0", "uv": [ 0.0, 0.0, 1.0, 1.0 ] }
            }
        },
        {
            "name": "Cube",
            "from": [ 12.0, 0.0, 13.0 ], 
            "to": [ 13.0, 6.0, 14.0 ], 
            "faces": {
                "north": { "texture": "#0", "uv": [ 0.0, 0.0, 1.0, 6.0 ] },
                "east": { "texture": "#0", "uv": [ 0.0, 0.0, 1.0, 6.0 ] },
                "south": { "texture": "#0", "uv": [ 0.0, 0.0, 1.0, 6.0 ] },
                "west": { "texture": "#0", "uv": [ 0.0, 0.0, 1.0, 6.0 ] },
                "up": { "texture": "#0", "uv": [ 0.0, 0.0, 1.0, 1.0 ] },
                "down": { "texture": "#0", "uv": [ 0.0, 0.0, 1.0, 1.0 ] }
            }
        },
        {
            "name": "Cube",
            "from": [ 2.0, 0.0, 7.0 ], 
            "to": [ 3.0, 6.0, 8.0 ], 
            "faces": {
                "north": { "texture": "#0", "uv": [ 0.0, 0.0, 1.0, 6.0 ] },
                "east": { "texture": "#0", "uv": [ 0.0, 0.0, 1.0, 6.0 ] },
                "south": { "texture": "#0", "uv": [ 0.0, 0.0, 1.0, 6.0 ] },
                "west": { "texture": "#0", "uv": [ 0.0, 0.0, 1.0, 6.0 ] },
                "up": { "texture": "#0", "uv": [ 0.0, 0.0, 1.0, 1.0 ] },
                "down": { "texture": "#0", "uv": [ 0.0, 0.0, 1.0, 1.0 ] }
            }
        },
        {
            "name": "Cube",
            "from": [ 14.0, 0.0, 7.0 ], 
            "to": [ 15.0, 6.0, 8.0 ], 
            "faces": {
                "north": { "texture": "#0", "uv": [ 0.0, 0.0, 1.0, 6.0 ] },
                "east": { "texture": "#0", "uv": [ 0.0, 0.0, 1.0, 6.0 ] },
                "south": { "texture": "#0", "uv": [ 0.0, 0.0, 1.0, 6.0 ] },
                "west": { "texture": "#0", "uv": [ 0.0, 0.0, 1.0, 6.0 ] },
                "up": { "texture": "#0", "uv": [ 0.0, 0.0, 1.0, 1.0 ] },
                "down": { "texture": "#0", "uv": [ 0.0, 0.0, 1.0, 1.0 ] }
            }
        },
        {
            "name": "Cheese",
            "from": [ 4.0, 7.0, 3.0 ], 
            "to": [ 13.0, 8.0, 5.0 ], 
            "faces": {
                "north": { "texture": "#2", "uv": [ 0.0, 0.0, 9.0, 1.0 ] },
                "east": { "texture": "#2", "uv": [ 0.0, 0.0, 2.0, 1.0 ] },
                "south": { "texture": "#2", "uv": [ 0.0, 0.0, 9.0, 1.0 ] },
                "west": { "texture": "#2", "uv": [ 0.0, 0.0, 2.0, 1.0 ] },
                "up": { "texture": "#2", "uv": [ 0.0, 0.0, 9.0, 2.0 ] },
                "down": { "texture": "#2", "uv": [ 0.0, 0.0, 9.0, 2.0 ] }
            }
        },
        {
            "name": "Cube",
            "from": [ 4.0, 7.0, 5.0 ], 
            "to": [ 13.0, 9.0, 7.0 ], 
            "faces": {
                "north": { "texture": "#2", "uv": [ 0.0, 0.0, 9.0, 3.0 ] },
                "east": { "texture": "#2", "uv": [ 0.0, 0.0, 2.0, 3.0 ] },
                "south": { "texture": "#2", "uv": [ 0.0, 0.0, 9.0, 3.0 ] },
                "west": { "texture": "#2", "uv": [ 0.0, 0.0, 2.0, 3.0 ] },
                "up": { "texture": "#2", "uv": [ 0.0, 0.0, 9.0, 2.0 ] },
                "down": { "texture": "#2", "uv": [ 0.0, 0.0, 9.0, 2.0 ] }
            }
        },
        {
            "name": "Cube",
            "from": [ 4.0, 7.0, 7.0 ], 
            "to": [ 13.0, 10.0, 11.0 ], 
            "faces": {
                "north": { "texture": "#2", "uv": [ 0.0, 0.0, 9.0, 3.0 ] },
                "east": { "texture": "#2", "uv": [ 0.0, 0.0, 4.0, 3.0 ] },
                "south": { "texture": "#2", "uv": [ 0.0, 0.0, 9.0, 3.0 ] },
                "west": { "texture": "#2", "uv": [ 0.0, 0.0, 4.0, 3.0 ] },
                "up": { "texture": "#2", "uv": [ 0.0, 0.0, 9.0, 4.0 ] },
                "down": { "texture": "#2", "uv": [ 0.0, 0.0, 9.0, 4.0 ] }
            }
        }
    ]
}

