{
    "__comment": "Model generated using MrCrayfish's Model Creator (http://mrcrayfish.com/modelcreator/)",
    "textures": {
        "0": "servermod:blocks/adventure/ruins_white2",
        "1": "servermod:blocks/adventure/pillar"
    },
    "elements": [
        {
            "name": "Element",
            "from": [ 0.0, 0.0, 0.0 ], 
            "to": [ 16.0, 8.0, 16.0 ], 
            "faces": {
                "north": { "texture": "#0", "uv": [ 0.0, 8.0, 16.0, 16.0 ], "cullface": "north" },
                "east": { "texture": "#0", "uv": [ 0.0, 8.0, 16.0, 16.0 ], "cullface": "east" },
                "south": { "texture": "#0", "uv": [ 0.0, 8.0, 16.0, 16.0 ], "cullface": "south" },
                "west": { "texture": "#0", "uv": [ 0.0, 8.0, 16.0, 16.0 ], "cullface": "west" },
                "up": { "texture": "#0", "uv": [ 0.0, 0.0, 16.0, 16.0 ] },
                "down": { "texture": "#0", "uv": [ 0.0, 0.0, 16.0, 16.0 ], "cullface": "down" }
            }
        },
        {
            "name": "Element",
            "from": [ 4.0, 8.0, 4.0 ], 
            "to": [ 16.0, 16.0, 16.0 ], 
            "faces": {
                "north": { "texture": "#1", "uv": [ 0.0, 0.0, 8.0, 8.0 ] },
                "east": { "texture": "#1", "uv": [ 0.0, 0.0, 8.0, 8.0 ], "cullface": "east" },
                "south": { "texture": "#1", "uv": [ 8.0, 0.0, 16.0, 8.0 ], "cullface": "south" },
                "west": { "texture": "#1", "uv": [ 8.0, 0.0, 16.0, 8.0 ] },
                "up": { "texture": "#1", "uv": [ 8.0, 8.0, 16.0, 16.0 ], "cullface": "up" },
                "down": { "texture": "#1", "uv": [ 8.0, 0.0, 16.0, 8.0 ], "cullface": "down" }
            }
        },
        {
            "name": "Cube",
            "from": [ 4.0, 8.0, 3.0 ], 
            "to": [ 16.0, 11.0, 4.0 ], 
            "faces": {
                "north": { "texture": "#1", "uv": [ 0.0, 0.0, 12.0, 3.0 ] },
                "east": { "texture": "#1", "uv": [ 0.0, 0.0, 1.0, 3.0 ] },
                "south": { "texture": "#1", "uv": [ 0.0, 0.0, 12.0, 3.0 ] },
                "west": { "texture": "#1", "uv": [ 0.0, 0.0, 1.0, 3.0 ] },
                "up": { "texture": "#1", "uv": [ 0.0, 0.0, 12.0, 1.0 ] },
                "down": { "texture": "#1", "uv": [ 0.0, 0.0, 12.0, 1.0 ] }
            }
        },
        {
            "name": "Cube",
            "from": [ 3.0, 8.0, 3.0 ], 
            "to": [ 4.0, 11.0, 16.0 ], 
            "faces": {
                "north": { "texture": "#1", "uv": [ 0.0, 0.0, 1.0, 3.0 ] },
                "east": { "texture": "#1", "uv": [ 0.0, 0.0, 13.0, 3.0 ] },
                "south": { "texture": "#1", "uv": [ 0.0, 0.0, 1.0, 3.0 ] },
                "west": { "texture": "#1", "uv": [ 0.0, 0.0, 13.0, 3.0 ] },
                "up": { "texture": "#1", "uv": [ 0.0, 0.0, 1.0, 13.0 ] },
                "down": { "texture": "#1", "uv": [ 0.0, 0.0, 1.0, 13.0 ] }
            }
        },
        {
            "name": "Cube",
            "from": [ 1.0, 0.0, -1.0 ], 
            "to": [ 16.0, 6.0, 0.0 ], 
            "faces": {
                "north": { "texture": "#0", "uv": [ 0.0, 0.0, 15.0, 6.0 ] },
                "east": { "texture": "#0", "uv": [ 0.0, 0.0, 1.0, 6.0 ] },
                "south": { "texture": "#0", "uv": [ 0.0, 0.0, 15.0, 6.0 ] },
                "west": { "texture": "#0", "uv": [ 0.0, 0.0, 1.0, 6.0 ] },
                "up": { "texture": "#0", "uv": [ 0.0, 0.0, 15.0, 1.0 ] },
                "down": { "texture": "#0", "uv": [ 0.0, 0.0, 15.0, 1.0 ] }
            }
        },
        {
            "name": "Cube",
            "from": [ -1.0, 0.0, 1.0 ], 
            "to": [ 0.0, 6.0, 16.0 ], 
            "faces": {
                "north": { "texture": "#0", "uv": [ 0.0, 0.0, 1.0, 6.0 ] },
                "east": { "texture": "#0", "uv": [ 0.0, 0.0, 15.0, 6.0 ] },
                "south": { "texture": "#0", "uv": [ 0.0, 0.0, 1.0, 6.0 ] },
                "west": { "texture": "#0", "uv": [ 0.0, 0.0, 15.0, 6.0 ] },
                "up": { "texture": "#0", "uv": [ 0.0, 0.0, 1.0, 15.0 ] },
                "down": { "texture": "#0", "uv": [ 0.0, 0.0, 1.0, 15.0 ] }
            }
        }
    ]
}
