{
    "__comment": "Model generated using MrCrayfish's Model Creator (http://mrcrayfish.com/modelcreator/)",
    "textures": {
		"0": "servermod:blocks/adventure/red"
    },
    "elements": [
        {
            "name": "Cube",
            "from": [ 4.0, 0.0, 4.0 ], 
            "to": [ 12.0, 6.0, 12.0 ], 
            "faces": {
                "north": { "texture": "#0", "uv": [ 0.0, 0.0, 8.0, 6.0 ] },
                "east": { "texture": "#0", "uv": [ 0.0, 0.0, 8.0, 6.0 ] },
                "south": { "texture": "#0", "uv": [ 0.0, 0.0, 8.0, 6.0 ] },
                "west": { "texture": "#0", "uv": [ 0.0, 0.0, 8.0, 6.0 ] },
                "up": { "texture": "#0", "uv": [ 0.0, 0.0, 8.0, 8.0 ] },
                "down": { "texture": "#0", "uv": [ 0.0, 0.0, 8.0, 8.0 ] }
            }
        },
        {
            "name": "Cube",
            "from": [ 3.0, 6.0, 3.0 ], 
            "to": [ 13.0, 14.0, 13.0 ], 
            "faces": {
                "north": { "texture": "#0", "uv": [ 0.0, 0.0, 10.0, 8.0 ] },
                "east": { "texture": "#0", "uv": [ 0.0, 0.0, 10.0, 8.0 ] },
                "south": { "texture": "#0", "uv": [ 0.0, 0.0, 10.0, 8.0 ] },
                "west": { "texture": "#0", "uv": [ 0.0, 0.0, 10.0, 8.0 ] },
                "up": { "texture": "#0", "uv": [ 0.0, 0.0, 10.0, 10.0 ] },
                "down": { "texture": "#0", "uv": [ 0.0, 0.0, 10.0, 10.0 ] }
            }
        },
        {
            "name": "Cube",
            "from": [ 2.0, 7.0, 4.0 ], 
            "to": [ 3.0, 13.0, 12.0 ], 
            "faces": {
                "north": { "texture": "#0", "uv": [ 0.0, 0.0, 1.0, 6.0 ] },
                "east": { "texture": "#0", "uv": [ 0.0, 0.0, 8.0, 6.0 ] },
                "south": { "texture": "#0", "uv": [ 0.0, 0.0, 1.0, 6.0 ] },
                "west": { "texture": "#0", "uv": [ 0.0, 0.0, 8.0, 6.0 ] },
                "up": { "texture": "#0", "uv": [ 0.0, 0.0, 1.0, 8.0 ] },
                "down": { "texture": "#0", "uv": [ 0.0, 0.0, 1.0, 8.0 ] }
            }
        },
        {
            "name": "Cube",
            "from": [ 13.0, 7.0, 4.0 ], 
            "to": [ 14.0, 13.0, 12.0 ], 
            "faces": {
                "north": { "texture": "#0", "uv": [ 0.0, 0.0, 1.0, 6.0 ] },
                "east": { "texture": "#0", "uv": [ 0.0, 0.0, 8.0, 6.0 ] },
                "south": { "texture": "#0", "uv": [ 0.0, 0.0, 1.0, 6.0 ] },
                "west": { "texture": "#0", "uv": [ 0.0, 0.0, 8.0, 6.0 ] },
                "up": { "texture": "#0", "uv": [ 0.0, 0.0, 1.0, 8.0 ] },
                "down": { "texture": "#0", "uv": [ 0.0, 0.0, 1.0, 8.0 ] }
            }
        },
        {
            "name": "Cube",
            "from": [ 4.0, 7.0, 2.0 ], 
            "to": [ 12.0, 13.0, 3.0 ], 
            "faces": {
                "north": { "texture": "#0", "uv": [ 0.0, 0.0, 8.0, 6.0 ] },
                "east": { "texture": "#0", "uv": [ 0.0, 0.0, 1.0, 6.0 ] },
                "south": { "texture": "#0", "uv": [ 0.0, 0.0, 8.0, 6.0 ] },
                "west": { "texture": "#0", "uv": [ 0.0, 0.0, 1.0, 6.0 ] },
                "up": { "texture": "#0", "uv": [ 0.0, 0.0, 8.0, 1.0 ] },
                "down": { "texture": "#0", "uv": [ 0.0, 0.0, 8.0, 1.0 ] }
            }
        },
        {
            "name": "Cube",
            "from": [ 4.0, 7.0, 13.0 ], 
            "to": [ 12.0, 13.0, 14.0 ], 
            "faces": {
                "north": { "texture": "#0", "uv": [ 0.0, 0.0, 8.0, 6.0 ] },
                "east": { "texture": "#0", "uv": [ 0.0, 0.0, 1.0, 6.0 ] },
                "south": { "texture": "#0", "uv": [ 0.0, 0.0, 8.0, 6.0 ] },
                "west": { "texture": "#0", "uv": [ 0.0, 0.0, 1.0, 6.0 ] },
                "up": { "texture": "#0", "uv": [ 0.0, 0.0, 8.0, 1.0 ] },
                "down": { "texture": "#0", "uv": [ 0.0, 0.0, 8.0, 1.0 ] }
            }
        },
        {
            "name": "Cube",
            "from": [ 4.0, 14.0, 4.0 ], 
            "to": [ 12.0, 15.0, 12.0 ], 
            "faces": {
                "north": { "texture": "#0", "uv": [ 0.0, 0.0, 8.0, 1.0 ] },
                "east": { "texture": "#0", "uv": [ 0.0, 0.0, 8.0, 1.0 ] },
                "south": { "texture": "#0", "uv": [ 0.0, 0.0, 8.0, 1.0 ] },
                "west": { "texture": "#0", "uv": [ 0.0, 0.0, 8.0, 1.0 ] },
                "up": { "texture": "#0", "uv": [ 0.0, 0.0, 8.0, 8.0 ] },
                "down": { "texture": "#0", "uv": [ 0.0, 0.0, 8.0, 8.0 ] }
            }
        },
        {
            "name": "Cube",
            "from": [ 5.0, -4.0, 2.0 ], 
            "to": [ 11.0, 6.0, 7.0 ], 
            "rotation": { "origin": [ 8.0, 8.0, 8.0 ], "axis": "x", "angle": 22.5 },
            "faces": {
                "north": { "texture": "#0", "uv": [ 0.0, 0.0, 6.0, 10.0 ] },
                "east": { "texture": "#0", "uv": [ 0.0, 0.0, 5.0, 10.0 ] },
                "south": { "texture": "#0", "uv": [ 0.0, 0.0, 6.0, 10.0 ] },
                "west": { "texture": "#0", "uv": [ 0.0, 0.0, 5.0, 10.0 ] },
                "up": { "texture": "#0", "uv": [ 0.0, 0.0, 6.0, 5.0 ] },
                "down": { "texture": "#0", "uv": [ 0.0, 0.0, 6.0, 5.0 ] }
            }
        },
        {
            "name": "Cube",
            "from": [ 2.0, -4.0, 5.0 ], 
            "to": [ 7.0, 6.0, 11.0 ], 
            "rotation": { "origin": [ 8.0, 8.0, 8.0 ], "axis": "z", "angle": -22.5 },
            "faces": {
                "north": { "texture": "#0", "uv": [ 0.0, 0.0, 5.0, 10.0 ] },
                "east": { "texture": "#0", "uv": [ 0.0, 0.0, 6.0, 10.0 ] },
                "south": { "texture": "#0", "uv": [ 0.0, 0.0, 5.0, 10.0 ] },
                "west": { "texture": "#0", "uv": [ 0.0, 0.0, 6.0, 10.0 ] },
                "up": { "texture": "#0", "uv": [ 0.0, 0.0, 5.0, 6.0 ] },
                "down": { "texture": "#0", "uv": [ 0.0, 0.0, 5.0, 6.0 ] }
            }
        },
        {
            "name": "Cube",
            "from": [ 9.0, -4.0, 5.0 ], 
            "to": [ 14.0, 6.0, 11.0 ], 
            "rotation": { "origin": [ 8.0, 8.0, 8.0 ], "axis": "z", "angle": 22.5 },
            "faces": {
                "north": { "texture": "#0", "uv": [ 0.0, 0.0, 5.0, 10.0 ] },
                "east": { "texture": "#0", "uv": [ 0.0, 0.0, 6.0, 10.0 ] },
                "south": { "texture": "#0", "uv": [ 0.0, 0.0, 5.0, 10.0 ] },
                "west": { "texture": "#0", "uv": [ 0.0, 0.0, 6.0, 10.0 ] },
                "up": { "texture": "#0", "uv": [ 0.0, 0.0, 5.0, 6.0 ] },
                "down": { "texture": "#0", "uv": [ 0.0, 0.0, 5.0, 6.0 ] }
            }
        },
        {
            "name": "Cube",
            "from": [ 5.0, -4.0, 8.0 ], 
            "to": [ 11.0, 6.0, 14.0 ], 
            "rotation": { "origin": [ 8.0, 8.0, 8.0 ], "axis": "x", "angle": -22.5 },
            "faces": {
                "north": { "texture": "#0", "uv": [ 0.0, 0.0, 6.0, 10.0 ] },
                "east": { "texture": "#0", "uv": [ 0.0, 0.0, 6.0, 10.0 ] },
                "south": { "texture": "#0", "uv": [ 0.0, 0.0, 6.0, 10.0 ] },
                "west": { "texture": "#0", "uv": [ 0.0, 0.0, 6.0, 10.0 ] },
                "up": { "texture": "#0", "uv": [ 0.0, 0.0, 6.0, 6.0 ] },
                "down": { "texture": "#0", "uv": [ 0.0, 0.0, 6.0, 6.0 ] }
            }
        }
    ]
}
