{
    "forge_marker": 1,
    "defaults": {
        "model": "forge:fluid"
    },
    "variants": {
        "stone": [{
            "custom": { "fluid": "stone" }
        }],
        "titanium": [{
            "custom": { "fluid": "titanium" }
        }],
        "iron": [{
            "custom": { "fluid": "iron" }
        }],
        "Titanium": [{
            "custom": { "fluid": "Titanium" }
        }],
        "pigiron": [{
            "custom": { "fluid": "pigiron" }
        }],
        "cobalt": [{
            "custom": { "fluid": "cobalt" }
        }],
        "ardite": [{
            "custom": { "fluid": "ardite" }
        }],
        "manyullyn": [{
            "custom": { "fluid": "manyullyn" }
        }],
        "knightslime": [{
            "custom": { "fluid": "knightslime" }
        }],
        "emerald": [{
            "custom": { "fluid": "emerald" }
        }],
        "glass": [{
            "custom": { "fluid": "glass" }
        }],
        "blood": [{
            "custom": { "fluid": "blood" }
        }],
        "milk": [{
            "custom": { "fluid": "milk" }
        }],
        "blueslime": [{
            "custom": { "fluid": "blueslime" }
        }],
        "purpleslime": [{
            "custom": { "fluid": "purpleslime" }
        }],
        "brass": [{
            "custom": { "fluid": "brass" }
        }],
        "copper": [{
            "custom": { "fluid": "copper" }
        }],
        "tin": [{
            "custom": { "fluid": "tin" }
        }],
        "bronze": [{
            "custom": { "fluid": "bronze" }
        }],
        "zinc": [{
            "custom": { "fluid": "zinc" }
        }],
        "lead": [{
            "custom": { "fluid": "lead" }
        }],
        "nickel": [{
            "custom": { "fluid": "nickel" }
        }],
        "silver": [{
            "custom": { "fluid": "silver" }
        }],
        "electrum": [{
            "custom": { "fluid": "electrum" }
        }],
        "steel": [{
            "custom": { "fluid": "steel" }
        }],
        "aluminum": [{
            "custom": { "fluid": "aluminum" }
        }],
        "alubrass": [{
            "custom": { "fluid": "alubrass" }
        }],
        "dirt": [{
            "custom": { "fluid": "dirt" }
        }],
        "clay": [{
            "custom": { "fluid": "clay" }
        }]
    }
}