{
  "forge_marker":1,
  "defaults":{
    "transform":"forge:default-block",
    "model":"cube_all",
    "textures": {
     "up": "servermod:blocks/industrial_freezer_top",
     "down": "servermod:blocks/industrial_freezer_top",
      "north": "servermod:blocks/industrial_freezer_front_off",
      "south": "servermod:blocks/industrial_freezer_back",
      "west": "servermod:blocks/industrial_freezer_side",
      "east": "servermod:blocks/industrial_freezer_side"
    }
  },
    "variants": {
        "facing=north": { "model": "furnace" },
        "facing=south": { "model": "furnace", "y": 180 },
        "facing=west":  { "model": "furnace", "y": 270 },
        "facing=east":  { "model": "furnace", "y": 90 },
    "inventory":[{}],
    "normal":[{}]
    }
}


