{
  "forge_marker":1,
  "defaults":{
    "transform":"forge:default-block",
    "model":"cube_all",
    "textures": {
     "up": "servermod:blocks/adventure/ruins_door_pillar_3",
     "down": "servermod:blocks/adventure/ruins_door_pillar_3",
      "north": "servermod:blocks/adventure/ruins_door_pillar_3",
      "south": "servermod:blocks/adventure/ruins_door_pillar_3",
      "west": "servermod:blocks/adventure/ruins_door_pillar_3",
      "east": "servermod:blocks/adventure/ruins_door_pillar_3"
    }
  },
    "variants": {
        "facing=north": { "model": "coal_block" },
        "facing=south": { "model": "coal_block", "y": 180 },
        "facing=west":  { "model": "coal_block", "y": 270 },
        "facing=east":  { "model": "coal_block", "y": 90 },
    "inventory":[{}],
    "normal":[{}]
    }
}



