{
    "variants": {
        "facing=east,half=bottom,shape=straight":  { "model": "servermod:tutorial_stairs6" },
        "facing=west,half=bottom,shape=straight":  { "model": "servermod:tutorial_stairs6", "y": 180, "uvlock": true },
        "facing=south,half=bottom,shape=straight": { "model": "servermod:tutorial_stairs6", "y": 90, "uvlock": true },
        "facing=north,half=bottom,shape=straight": { "model": "servermod:tutorial_stairs6", "y": 270, "uvlock": true },
        "facing=east,half=bottom,shape=outer_right":  { "model": "servermod:tutorial_outer_stairs6" },
        "facing=west,half=bottom,shape=outer_right":  { "model": "servermod:tutorial_outer_stairs6", "y": 180, "uvlock": true },
        "facing=south,half=bottom,shape=outer_right": { "model": "servermod:tutorial_outer_stairs6", "y": 90, "uvlock": true },
        "facing=north,half=bottom,shape=outer_right": { "model": "servermod:tutorial_outer_stairs6", "y": 270, "uvlock": true },
        "facing=east,half=bottom,shape=outer_left":  { "model": "servermod:tutorial_outer_stairs6", "y": 270, "uvlock": true },
        "facing=west,half=bottom,shape=outer_left":  { "model": "servermod:tutorial_outer_stairs6", "y": 90, "uvlock": true },
        "facing=south,half=bottom,shape=outer_left": { "model": "servermod:tutorial_outer_stairs6" },
        "facing=north,half=bottom,shape=outer_left": { "model": "servermod:tutorial_outer_stairs6", "y": 180, "uvlock": true },
        "facing=east,half=bottom,shape=inner_right":  { "model": "servermod:tutorial_inner_stairs6" },
        "facing=west,half=bottom,shape=inner_right":  { "model": "servermod:tutorial_inner_stairs6", "y": 180, "uvlock": true },
        "facing=south,half=bottom,shape=inner_right": { "model": "servermod:tutorial_inner_stairs6", "y": 90, "uvlock": true },
        "facing=north,half=bottom,shape=inner_right": { "model": "servermod:tutorial_inner_stairs6", "y": 270, "uvlock": true },
        "facing=east,half=bottom,shape=inner_left":  { "model": "servermod:tutorial_inner_stairs6", "y": 270, "uvlock": true },
        "facing=west,half=bottom,shape=inner_left":  { "model": "servermod:tutorial_inner_stairs6", "y": 90, "uvlock": true },
        "facing=south,half=bottom,shape=inner_left": { "model": "servermod:tutorial_inner_stairs6" },
        "facing=north,half=bottom,shape=inner_left": { "model": "servermod:tutorial_inner_stairs6", "y": 180, "uvlock": true },
        "facing=east,half=top,shape=straight":  { "model": "servermod:tutorial_stairs6", "x": 180, "uvlock": true },
        "facing=west,half=top,shape=straight":  { "model": "servermod:tutorial_stairs6", "x": 180, "y": 180, "uvlock": true },
        "facing=south,half=top,shape=straight": { "model": "servermod:tutorial_stairs6", "x": 180, "y": 90, "uvlock": true },
        "facing=north,half=top,shape=straight": { "model": "servermod:tutorial_stairs6", "x": 180, "y": 270, "uvlock": true },
        "facing=east,half=top,shape=outer_right":  { "model": "servermod:tutorial_outer_stairs6", "x": 180, "y": 90, "uvlock": true },
        "facing=west,half=top,shape=outer_right":  { "model": "servermod:tutorial_outer_stairs6", "x": 180, "y": 270, "uvlock": true },
        "facing=south,half=top,shape=outer_right": { "model": "servermod:tutorial_outer_stairs6", "x": 180, "y": 180, "uvlock": true },
        "facing=north,half=top,shape=outer_right": { "model": "servermod:tutorial_outer_stairs6", "x": 180, "uvlock": true },
        "facing=east,half=top,shape=outer_left":  { "model": "servermod:tutorial_outer_stairs6", "x": 180, "uvlock": true },
        "facing=west,half=top,shape=outer_left":  { "model": "servermod:tutorial_outer_stairs6", "x": 180, "y": 180, "uvlock": true },
        "facing=south,half=top,shape=outer_left": { "model": "servermod:tutorial_outer_stairs6", "x": 180, "y": 90, "uvlock": true },
        "facing=north,half=top,shape=outer_left": { "model": "servermod:tutorial_outer_stairs6", "x": 180, "y": 270, "uvlock": true },
        "facing=east,half=top,shape=inner_right":  { "model": "servermod:tutorial_inner_stairs6", "x": 180, "y": 90, "uvlock": true },
        "facing=west,half=top,shape=inner_right":  { "model": "servermod:tutorial_inner_stairs6", "x": 180, "y": 270, "uvlock": true },
        "facing=south,half=top,shape=inner_right": { "model": "servermod:tutorial_inner_stairs6", "x": 180, "y": 180, "uvlock": true },
        "facing=north,half=top,shape=inner_right": { "model": "servermod:tutorial_inner_stairs6", "x": 180, "uvlock": true },
        "facing=east,half=top,shape=inner_left":  { "model": "servermod:tutorial_inner_stairs6", "x": 180, "uvlock": true },
        "facing=west,half=top,shape=inner_left":  { "model": "servermod:tutorial_inner_stairs6", "x": 180, "y": 180, "uvlock": true },
        "facing=south,half=top,shape=inner_left": { "model": "servermod:tutorial_inner_stairs6", "x": 180, "y": 90, "uvlock": true },
        "facing=north,half=top,shape=inner_left": { "model": "servermod:tutorial_inner_stairs6", "x": 180, "y": 270, "uvlock": true }
    }
}
